mysql> select * from address_book where city = "chennai";
+----+------------+-----------+--------------+---------+------------+---------+--------------+------------------+
| id | first_name | last_name | address      | city    | State      | zip     | phone_number | Email            |
+----+------------+-----------+--------------+---------+------------+---------+--------------+------------------+
|  1 | ramesh     | kulkarni  | madhuraNagar | chennai | tamil nadu | 5000093 | 9080712334   | ramesh@gmail.com |
+----+------------+-----------+--------------+---------+------------+---------+--------------+------------------+
1 row in set (0.00 sec)

mysql> select * from address_book where state = "tamil nadu";
+----+------------+-----------+--------------+---------+------------+---------+--------------+------------------+
| id | first_name | last_name | address      | city    | State      | zip     | phone_number | Email            |
+----+------------+-----------+--------------+---------+------------+---------+--------------+------------------+
|  1 | ramesh     | kulkarni  | madhuraNagar | chennai | tamil nadu | 5000093 | 9080712334   | ramesh@gmail.com |
+----+------------+-----------+--------------+---------+------------+---------+--------------+------------------+
1 row in set (0.00 sec)

mysql> select * from address_book where zip = "500903";
+----+------------+-----------+--------------+--------+----------------+--------+--------------+------------------+
| id | first_name | last_name | address      | city   | State          | zip    | phone_number | Email            |
+----+------------+-----------+--------------+--------+----------------+--------+--------------+------------------+
|  3 | dinesh     | kumar     | subhas nagar | guntur | Andhra pradesh | 500903 | 9060612345   | dinesh@gmail.com |
+----+------------+-----------+--------------+--------+----------------+--------+--------------+------------------+
1 row in set (0.00 sec)
